chr10	6269658	c.6269658T>C	intergenic	Rgs17,Oprm1	13	22	0	44	0.371428571428571
chr10	88774018	c.88774018T>C	intronic	Utp20	16	21	0	37	0.432432432432432
chr10	102692878	c.102692878G>T	intergenic	Rassf9,Alx1	9	19	0	22	0.321428571428571
chr11	45598881	c.45598881G>C	intergenic	Gm12159,F630206G17Rik	15	22	0	25	0.405405405405405
chr11	120575958	c.120575958C>T	intergenic	P4hb,Arhgdia	21	17	0	43	0.552631578947368
chr11	120575959	c.120575959T>C	intergenic	P4hb,Arhgdia	21	17	0	43	0.552631578947368
chr11	120784475	c.120784475C>G	intronic	Gps1	14	34	0	55	0.291666666666667
chr13	71750706	c.71750706T>C	intergenic	Mir466f-4,Irx1	19	19	0	28	0.5
chr14	82939871	c.82939871C>G	intergenic	NONE,Pcdh17	11	28	0	19	0.282051282051282
chr14	111048384	c.111048384G>A	intergenic	Slitrk6,Slitrk5	16	20	0	42	0.444444444444444
chr15	48595893	c.48595893T>C	intronic	Csmd3	7	3	0	14	0.7
chr16	39762208	c.39762208G>A	intergenic	Igsf11,Lsamp	14	13	0	35	0.518518518518518
chr16	79139059	c.79139059A>T	intergenic	Tmprss15,Ncam2	16	16	0	20	0.5
chr17	5780801	c.5780801G>A	intergenic	Zdhhc14,3300005D01Rik	21	16	0	51	0.567567567567568
chr17	40495952	c.40495952G>A	intergenic	Crisp1,Esp8	17	24	0	38	0.414634146341463
chr17	40495953	c.40495953G>A	intergenic	Crisp1,Esp8	17	25	0	38	0.404761904761905
chr18	46240106	c.46240106T>C	UTR3	Pggt1b	17	16	0	36	0.515151515151515
chr19	6015855	c.6015855G>A	ncRNA_intronic	Gm10814	23	20	1	59	0.534883720930233
chr19	6379848	c.6379848G>C	intergenic	Sf1,Pygm	17	16	0	49	0.515151515151515
chr1	103673709	c.103673709C>A	intergenic	NONE,Cdh20	16	12	0	39	0.571428571428571
chr2	115442513	c.115442513G>T	intergenic	4930528P14Rik,3110099E03Rik	18	16	0	35	0.529411764705882
chr3	12985244	c.12985244G>T	intergenic	Gm10745,Ralyl	6	30	0	34	0.166666666666667
chr3	21505106	c.21505106G>C	intergenic	Agtr1b,Tbl1xr1	16	22	0	34	0.421052631578947
chr3	42196282	c.42196282C>A	intergenic	D3Ertd751e,NONE	19	20	0	38	0.487179487179487
chr3	155467674	c.155467674C>A	intergenic	Lrriq3,9330178D15Rik	15	20	0	36	0.428571428571429
chr5	91249797	c.91249797T>C	intergenic	Areg,Gm19619	18	31	0	28	0.36734693877551
chr9	51405720	c.51405720G>A	intergenic	1810046K07Rik,Arhgap20	21	29	0	38	0.42
chr9	58199912	p.E22Q/c.58199912C>G	exonic	Islr2	27	13	0	48	0.675
chr9	122473933	c.122473933C>T	intergenic	A730085K08Rik,9530059O14Rik	22	22	0	27	0.5
chr9	122473934	c.122473934T>C	intergenic	A730085K08Rik,9530059O14Rik	22	22	0	27	0.5
chrX	116822908	c.116822908A>T	intergenic	H2afb2,Gm14920	6	15	0	25	0.285714285714286
