chr10	12118178	c.12118178C>T	intergenic	Timm8a1,Utrn	9	23	0	36	0.28125
chr10	12651790	c.12651790G>A	intronic	Utrn	6	35	0	27	0.146341463414634
chr10	16211663	c.16211663C>T	intergenic	C330004P14Rik,Gm20125	9	29	0	33	0.236842105263158
chr10	18855938	c.18855938C>T	UTR3	Perp	14	20	0	35	0.411764705882353
chr10	18945983	c.18945983C>T	intergenic	Perp,Tnfaip3	21	35	0	42	0.375
chr10	25825884	c.25825884C>T	ncRNA_intronic	4930401C15Rik	9	24	0	49	0.272727272727273
chr10	31119219	c.31119219C>T	intergenic	Hey2,Hddc2	26	26	0	49	0.5
chr10	43239203	c.43239203C>T	intronic	Pdss2	13	14	0	32	0.481481481481481
chr10	55533804	c.55533804C>T	intergenic	Gm16998,Tbc1d32	15	18	0	42	0.454545454545455
chr10	66031577	c.66031577G>A	intergenic	Ctnna3,1700023F02Rik	18	17	0	30	0.514285714285714
chr10	78822916	c.78822916G>A	intergenic	Slc1a6,Olfr1356	16	21	0	36	0.432432432432432
chr10	85279760	c.85279760C>T	intergenic	Cry1,Btbd11	4	42	0	47	0.0869565217391304
chr10	85872977	c.85872977G>A	intronic	Pwp1	21	30	0	43	0.411764705882353
chr10	102968077	c.102968077G>A	intergenic	Rassf9,Alx1	14	22	0	41	0.388888888888889
chr10	104479355	c.104479355G>A	intergenic	Mir6411,Tmtc2	9	21	0	42	0.3
chr10	105345097	c.105345097G>A	intronic	Tmtc2	13	31	0	29	0.295454545454545
chr10	110133174	c.110133174G>A	intergenic	Nav3,9230102K24Rik	19	17	0	35	0.527777777777778
chr10	114843206	c.114843206G>A	intergenic	Trhde,Tph2	15	23	0	34	0.394736842105263
chr10	115231889	c.115231889G>A	intronic	Tbc1d15	11	18	0	27	0.379310344827586
chr10	116908311	c.116908311G>A	intronic	Rab3ip	14	22	0	44	0.388888888888889
chr10	125351628	c.125351628G>A	intergenic	Slc16a7,Lrig3	21	11	0	29	0.65625
chr11	13462263	c.13462263C>G	intergenic	Cobl,4930554G24Rik	12	19	0	37	0.387096774193548
chr11	23996460	c.23996460C>T	intergenic	Papolg,Bcl11a	16	27	0	64	0.372093023255814
chr11	25056248	c.25056248C>T	intergenic	Gm10466,4933427E13Rik	6	43	0	30	0.122448979591837
chr11	45833036	c.45833036G>A	ncRNA_intronic	F630206G17Rik	15	8	0	31	0.652173913043478
chr11	52037121	c.52037121G>C	intronic	Cdkl3	20	20	0	38	0.5
chr11	72004320	c.72004320G>C	intergenic	4930401O10Rik,Aipl1	18	34	0	50	0.346153846153846
chr11	86910284	c.86910284C>T	ncRNA_intronic	Mir8115	14	24	0	51	0.368421052631579
chr11	104327965	c.104327965C>T	intronic	Mapt	13	28	0	45	0.317073170731707
chr11	107836198	c.107836198C>T	intergenic	Cacng4,Cacng5	21	18	0	37	0.538461538461538
chr11	110030023	p.F1507F/c.110030023G>A	exonic	Abca8a	12	23	0	35	0.342857142857143
chr11	110734845	c.110734845C>T	intergenic	Map2k6,Kcnj16	12	15	0	26	0.444444444444444
chr11	111432801	c.111432801G>A	intergenic	Kcnj2,BC006965	6	40	0	35	0.130434782608696
chr11	115470605	c.115470605C>T	intronic	Slc16a5	18	24	0	34	0.428571428571429
chr11	116359639	c.116359639G>A	intronic	Rnf157	11	18	0	39	0.379310344827586
chr11	118433884	c.118433884G>A	UTR5	C1qtnf1	17	24	0	59	0.414634146341463
chr11	120675815	c.120675815A>T	intronic	Aspscr1	5	28	0	40	0.151515151515152
chr12	4290751	c.4290751G>A	intronic	Ncoa1	21	25	0	32	0.456521739130435
chr12	7943101	c.7943101G>A	intergenic	1700101O22Rik,Apob	7	42	0	27	0.142857142857143
chr12	11141306	c.11141306G>A	intronic	Kcns3	10	15	0	17	0.4
chr12	12749072	c.12749072G>A	intergenic	Gm34637,Mycn	11	16	0	35	0.407407407407407
chr12	19429226	c.19429226C>G	intergenic	5730507C01Rik,1700030C10Rik	18	28	0	36	0.391304347826087
chr12	22981845	c.22981845G>A	ncRNA_intronic	2410018L13Rik	19	16	0	24	0.542857142857143
chr12	28405461	c.28405461G>A	intergenic	Sox11,Dcdc2c	9	37	0	42	0.195652173913043
chr12	49253932	c.49253932G>A	intergenic	Mir5125,Foxg1	5	17	0	33	0.227272727272727
chr12	55035051	c.55035051C>T	intergenic	Baz1a,2700097O09Rik	12	27	0	48	0.307692307692308
chr12	57152261	c.57152261G>A	intronic	Slc25a21	9	18	0	36	0.333333333333333
chr12	69130256	c.69130256A>G	intergenic	Mdga2,Rps29	28	23	0	38	0.549019607843137
chr12	70177552	c.70177552G>A	intronic	Abhd12b	14	23	0	46	0.378378378378378
chr12	74362493	c.74362493C>T	intergenic	Dbpht2,Kcnh5	13	60	0	43	0.178082191780822
chr12	76295634	c.76295634C>T	intronic	Mthfd1	15	22	0	34	0.405405405405405
chr12	91231414	c.91231414G>A	intronic	Cep128	21	39	0	36	0.35
chr12	95744850	c.95744850G>A	intronic	Flrt2	15	19	0	43	0.441176470588235
chr12	102730427	c.102730427G>A	intergenic	Itpk1,Gm20604	8	48	0	41	0.142857142857143
chr13	4588451	c.4588451C>T	intergenic	Akr1c21,Akr1e1	23	20	0	51	0.534883720930233
chr13	18762039	c.18762039C>T	intronic	Vps41	16	27	0	38	0.372093023255814
chr13	32245658	c.32245658G>A	intronic	Gmds	16	20	0	50	0.444444444444444
chr13	36517260	c.36517260G>A	intronic	Fars2	17	23	0	43	0.425
chr13	41977838	c.41977838C>T	intergenic	Gm10790,Hivep1	14	27	0	36	0.341463414634146
chr13	42937848	c.42937848G>A	intronic	Phactr1	5	36	0	34	0.121951219512195
chr13	44658909	c.44658909G>A	intergenic	1700029N11Rik,Jarid2	4	26	0	36	0.133333333333333
chr13	68040934	c.68040934G>A	intergenic	BC048507,Mtrr	7	27	0	43	0.205882352941176
chr13	88356751	c.88356751G>A	intergenic	NONE,Edil3	13	26	0	35	0.333333333333333
chr13	96993284	c.96993284G>A	intergenic	Gcnt4,1700029F12Rik	18	16	0	42	0.529411764705882
chr13	96995219	c.96995219G>A	intergenic	Gcnt4,1700029F12Rik	10	25	0	47	0.285714285714286
chr13	99891256	c.99891256G>A	intergenic	Map1b,Cartpt	17	20	0	37	0.459459459459459
chr13	102760233	c.102760233G>A	intronic	Mast4	5	47	0	42	0.0961538461538462
chr13	103387082	c.103387082C>T	intergenic	Mast4,Gm30551	16	18	0	51	0.470588235294118
chr13	107989916	c.107989916G>A	intergenic	Zswim6,Smim15	21	18	0	31	0.538461538461538
chr14	16143862	c.16143862C>T	intergenic	Lrrc3b,Oxsm	13	14	0	27	0.481481481481481
chr14	18746555	c.18746555C>T	intronic	Ube2e2	17	29	0	42	0.369565217391304
chr14	19201720	c.19201720C>T	intergenic	Ube2e2,Gm5458	7	13	0	24	0.35
chr14	34548442	c.34548442G>A	intronic	Ldb3	17	19	1	48	0.472222222222222
chr14	37552001	c.37552001C>G	intergenic	Ghitm,Nrg3	12	14	0	26	0.461538461538462
chr14	91900731	c.91900731G>A	intergenic	4930474H20Rik,Pcdh9	16	23	0	36	0.41025641025641
chr14	95147453	c.95147453A>C	intergenic	Pcdh9,4921530L21Rik	11	19	0	40	0.366666666666667
chr14	99047202	c.99047202G>A	intronic	Bora	27	24	0	40	0.529411764705882
chr14	107323341	c.107323341G>A	intergenic	1700128A07Rik,Slitrk1	11	14	0	32	0.44
chr14	113385507	c.113385507G>A	intergenic	Mir466,4930524C18Rik	16	21	0	34	0.432432432432432
chr14	116735194	c.116735194T>C	intergenic	Gpc5,Gpc6	6	21	0	20	0.222222222222222
chr15	7611270	c.7611270C>T	intergenic	Egflam,Gdnf	12	29	0	62	0.292682926829268
chr15	9867368	c.9867368G>A	intergenic	Spef2,Prlr	8	19	0	34	0.296296296296296
chr15	24643089	c.24643089G>A	intergenic	Cdh18,Basp1	15	21	0	40	0.416666666666667
chr15	24643091	c.24643091G>A	intergenic	Cdh18,Basp1	15	21	0	40	0.416666666666667
chr15	46118135	c.46118135C>T	intergenic	Kcnv1,1700022A22Rik	6	38	0	45	0.136363636363636
chr15	46613371	c.46613371C>T	intergenic	4930523O13Rik,4930548G14Rik	11	13	0	22	0.458333333333333
chr15	58112753	c.58112753C>T	intronic	Atad2	19	40	0	48	0.322033898305085
chr15	70462062	c.70462062G>A	intergenic	Gm19782,Fam135b	18	20	0	35	0.473684210526316
chr15	79554901	c.79554901G>A	intergenic	Ddx17,Dmc1	19	16	0	27	0.542857142857143
chr15	82780394	c.82780394G>A	intergenic	Cyp2d40,Cyp2d26	22	24	0	38	0.478260869565217
chr15	87588786	c.87588786G>A	intronic	Fam19a5	31	21	0	51	0.596153846153846
chr15	95130878	c.95130878C>T	ncRNA_intronic	LOC100043315	20	29	0	44	0.408163265306122
chr15	97460602	c.97460602C>T	intergenic	Pced1b,Rpap3	16	23	0	38	0.41025641025641
chr15	101543854	c.101543854C>T	intronic	Krt82	14	38	0	53	0.269230769230769
chr16	7959774	c.7959774C>T	intergenic	Rbfox1,Tmem114	22	22	0	69	0.5
chr16	15828806	c.15828806G>A	intronic	Prkdc	16	22	0	40	0.421052631578947
chr16	27936775	c.27936775G>A	intergenic	Gm10823,Fgf12	9	16	0	24	0.36
chr16	34621877	c.34621877G>A	intergenic	Kalrn,Ropn1	15	16	0	50	0.483870967741935
chr16	35868617	c.35868617G>A	intronic	Parp14	11	33	0	43	0.25
chr16	36610747	c.36610747G>A	intronic	Cd86	12	12	0	22	0.5
chr16	43624880	c.43624880G>A	intergenic	Zbtb20,Mir568	23	24	0	54	0.48936170212766
chr16	49821940	c.49821940G>A	intergenic	Ift57,Cd47	16	18	0	36	0.470588235294118
chr16	71765115	c.71765115C>T	intergenic	4930567J20Rik,8030451O07Rik	17	27	0	28	0.386363636363636
chr17	4632913	c.4632913G>A	intergenic	4930548J01Rik,4930517M08Rik	22	24	0	46	0.478260869565217
chr17	6194258	c.6194258G>A	intronic	Tulp4	10	18	0	23	0.357142857142857
chr17	16783888	c.16783888G>A	intergenic	Rgmb,Zfp960	22	16	0	52	0.578947368421053
chr17	21876512	c.21876512C>T	intergenic	Zfp820,Zfp995	17	19	0	51	0.472222222222222
chr17	31383013	c.31383013G>A	intergenic	Slc37a1,Pde9a	9	22	0	33	0.290322580645161
chr17	46118095	c.46118095G>A	intronic	Mrps18a	15	20	0	35	0.428571428571429
chr17	53792117	c.53792117C>G	intergenic	4932415M13Rik,Sult1c2	18	26	0	30	0.409090909090909
chr17	54648189	c.54648189G>A	intergenic	1700025K24Rik,St6gal2	22	26	0	37	0.458333333333333
chr17	62369415	c.62369415G>A	intergenic	NONE,Efna5	7	30	0	45	0.189189189189189
chr17	63267454	c.63267454G>A	intronic	Fbxl17	17	30	0	47	0.361702127659574
chr17	91285917	c.91285917G>A	intergenic	Nrxn1,Adcyap1	8	16	0	28	0.333333333333333
chr17	92304535	c.92304535G>A	intergenic	Nrxn1,Adcyap1	5	41	0	33	0.108695652173913
chr18	10139823	c.10139823C>T	intronic	Rock1	15	19	0	14	0.441176470588235
chr18	13736347	c.13736347C>T	intronic	Zfp521	16	32	0	52	0.333333333333333
chr18	22314901	c.22314901G>A	intergenic	Ccdc178,Asxl3	10	21	0	44	0.32258064516129
chr18	24351941	c.24351941C>T	intergenic	Galnt1,Mir187	15	19	0	48	0.441176470588235
chr18	35726854	c.35726854G>A	upstream	1700066B19Rik	16	35	0	40	0.313725490196078
chr18	41019739	c.41019739G>A	intergenic	Kctd16,Prelid2	5	34	0	26	0.128205128205128
chr18	45353348	c.45353348G>A	intronic	Kcnn2	16	18	0	31	0.470588235294118
chr18	48551280	c.48551280C>T	intergenic	G630055G22Rik,1700044K03Rik	21	23	0	33	0.477272727272727
chr18	52497539	c.52497539C>T	intergenic	Srfbp1,Lox	18	35	0	39	0.339622641509434
chr18	55600137	c.55600137C>T	intergenic	Zfp608,Gramd3	17	21	0	45	0.447368421052632
chr18	61248794	c.61248794C>T	intronic	Pde6a	14	25	0	43	0.358974358974359
chr18	67168555	c.67168555G>A	intronic	Gnal	10	19	0	38	0.344827586206897
chr18	70339841	c.70339841G>A	intergenic	Dynap,4930503L19Rik	20	13	0	31	0.606060606060606
chr18	90120653	c.90120653C>T	intergenic	Dok6,Tmx3	8	25	0	40	0.242424242424242
chr19	15512879	c.15512879C>T	intergenic	Tle4,Psat1	4	39	0	45	0.0930232558139535
chr19	17088404	c.17088404G>A	intronic	Prune2	21	26	0	37	0.446808510638298
chr19	17311604	c.17311604G>A	intergenic	Prune2,Gcnt1	23	32	0	43	0.418181818181818
chr19	18539016	c.18539016G>A	intergenic	Pcsk5,Ostf1	15	21	0	41	0.416666666666667
chr19	23894496	c.23894496G>A	intronic	Apba1	16	33	0	62	0.326530612244898
chr19	35735525	c.35735525G>A	intergenic	Kif20b,Htr7	9	7	0	27	0.5625
chr19	53617631	c.53617631G>A	intronic	Smc3	13	18	0	49	0.419354838709677
chr1	9127776	c.9127776G>A	intronic	Sntg1	13	23	0	34	0.361111111111111
chr1	9214914	c.9214914C>T	intronic	Sntg1	13	21	0	55	0.382352941176471
chr1	13165289	c.13165289C>T	intronic	Ncoa2	5	34	0	28	0.128205128205128
chr1	20208301	c.20208301G>A	intronic	Pkhd1	9	23	0	33	0.28125
chr1	23488090	c.23488090G>A	intergenic	Ogfrl1,B3gat2	13	35	0	54	0.270833333333333
chr1	37293152	c.37293152C>A	intergenic	Cnga3,Inpp4a	13	18	0	50	0.419354838709677
chr1	48916196	c.48916196G>T	intergenic	Mir6350,Tmeff2	20	19	0	39	0.512820512820513
chr1	52528962	c.52528962C>T	intergenic	Nab1,Nemp2	5	28	0	29	0.151515151515152
chr1	52769813	c.52769813C>T	intergenic	Mfsd6,Inpp1	12	22	0	36	0.352941176470588
chr1	61865588	c.61865588C>T	intronic	Pard3b	24	6	0	26	0.8
chr1	72786038	c.72786038C>T	intergenic	Rpl37a,Igfbp2	21	24	0	54	0.466666666666667
chr1	74203473	c.74203473G>A	intergenic	Cxcr1,Mir1928	11	14	0	34	0.44
chr1	80233280	c.80233280G>A	intergenic	Fam124b,Cul3	16	15	0	39	0.516129032258065
chr1	98636239	c.98636239G>A	intergenic	Slco6d1,Cntnap5b	16	16	0	33	0.5
chr1	132982478	c.132982478G>A	intergenic	Lrrn2,Mdm4	18	33	0	43	0.352941176470588
chr1	134218710	c.134218710G>A	intronic	Adora1	19	27	0	42	0.41304347826087
chr1	134905651	c.134905651G>A	intronic	Ppp1r12b	23	17	0	34	0.575
chr1	136523519	c.136523519G>A	intronic	Kif14	5	42	0	41	0.106382978723404
chr1	140470166	c.140470166G>C	intronic	Kcnt2	16	23	0	45	0.41025641025641
chr1	150257621	c.150257621G>A	intergenic	Ptgs2os2,Pdc	12	15	0	26	0.444444444444444
chr1	150765105	c.150765105G>A	intronic	Hmcn1	11	26	0	50	0.297297297297297
chr1	155979781	c.155979781G>A	intergenic	Cep350,Tor1aip1	10	17	0	33	0.37037037037037
chr1	164166271	c.164166271G>A	intronic	F5	18	18	0	41	0.5
chr1	168376858	c.168376858G>A	intronic	Pbx1	11	28	0	36	0.282051282051282
chr1	172033051	c.172033051G>A	intergenic	Vangl2,Nhlh1	12	20	0	30	0.375
chr1	187580260	c.187580260G>A	intergenic	Gpatch2,Esrrg	14	24	0	32	0.368421052631579
chr1	194512546	c.194512546C>T	intergenic	4930503O07Rik,Plxna2	6	28	0	40	0.176470588235294
chr2	11173788	c.11173788C>T	intronic	Prkcq	23	21	0	34	0.522727272727273
chr2	14271080	c.14271080C>T	intronic	Mrc1	11	22	0	44	0.333333333333333
chr2	19306353	c.19306353C>T	intronic	Armc3	16	23	0	48	0.41025641025641
chr2	28767912	c.28767912G>A	intronic	Ak8	13	29	0	42	0.30952380952381
chr2	33517082	c.33517082C>T	intergenic	Zbtb43,Lmx1b	11	35	0	39	0.239130434782609
chr2	33717352	c.33717352C>T	intergenic	C130021I20Rik,Mvb12b	13	28	0	36	0.317073170731707
chr2	35755812	c.35755812C>T	intronic	Ttll11	19	22	0	41	0.463414634146341
chr2	38875396	c.38875396G>A	intronic	Nr6a1	12	28	0	53	0.3
chr2	43068591	c.43068591G>A	intergenic	Lrp1b,Kynu	12	18	0	32	0.4
chr2	47819555	c.47819555G>A	intergenic	NONE,Acvr2a	13	22	0	43	0.371428571428571
chr2	50180922	c.50180922G>A	intronic	Lypd6	5	33	0	46	0.131578947368421
chr2	61652779	c.61652779C>T	intronic	Tank	12	15	0	32	0.444444444444444
chr2	65534933	c.65534933C>T	intronic	Scn3a	17	28	0	28	0.377777777777778
chr2	69550011	c.69550011G>A	intronic	Lrp2	14	29	0	38	0.325581395348837
chr2	131800559	c.131800559C>T	intergenic	Mir3098,5330413P13Rik	16	32	0	43	0.333333333333333
chr2	142921053	c.142921053C>T	intergenic	Kif16bos,Snrpb2	16	21	0	41	0.432432432432432
chr2	145065914	c.145065914C>T	intergenic	Scp2d1,Slc24a3	24	18	0	38	0.571428571428571
chr2	146501572	c.146501572G>A	intronic	Ralgapa2	11	27	0	44	0.289473684210526
chr2	153240725	c.153240725G>A	intronic	Plagl2	24	22	0	42	0.521739130434783
chr2	153605453	c.153605453G>A	intergenic	Nol4l,Commd7	10	17	0	21	0.37037037037037
chr2	153641967	c.153641967G>C	intergenic	Commd7,Dnmt3b	16	19	0	48	0.457142857142857
chr2	156184361	c.156184361G>A	intergenic	Rbm39,Phf20	10	14	0	35	0.416666666666667
chr2	169851498	c.169851498G>A	intronic	Tshz2	15	33	0	38	0.3125
chr2	173454334	c.173454334G>A	intergenic	Pmepa1,1700021F07Rik	7	44	0	54	0.137254901960784
chr2	173954978	c.173954978C>T	intergenic	Vapb,Stx16	14	16	0	33	0.466666666666667
chr3	4352999	c.4352999G>A	intergenic	Hnf4g,1110015O18Rik	5	23	0	44	0.178571428571429
chr3	5736285	c.5736285C>T	intergenic	Pex2,1700008P02Rik	10	33	0	23	0.232558139534884
chr3	26837251	c.26837251G>A	intronic	Spata16	15	24	0	24	0.384615384615385
chr3	32995802	c.32995802C>T	intronic	Pex5l	23	27	0	42	0.46
chr3	37931903	c.37931903C>T	ncRNA_intronic	Gm20755	17	23	0	35	0.425
chr3	45480316	c.45480316C>T	intergenic	1700027H10Rik,Pabpc4l	20	25	0	40	0.444444444444444
chr3	65568423	c.65568423C>T	intergenic	Tiparp,Mir8120	17	24	1	42	0.414634146341463
chr3	65782476	c.65782476C>T	intronic	Lekr1	4	16	0	45	0.2
chr3	74805025	c.74805025C>T	intergenic	Gm20356,Zbbx	13	17	0	26	0.433333333333333
chr3	93826961	p.F314F/c.93826961C>T	exonic	Tdpoz3	24	22	0	48	0.521739130434783
chr3	97015630	c.97015630T>C	intergenic	Gja8,Gja5	7	28	0	31	0.2
chr3	103501164	c.103501164C>T	intergenic	Trim33,Syt6	15	20	0	42	0.428571428571429
chr3	107363363	c.107363363C>T	intergenic	Rbm15,Kcnc4	20	40	0	37	0.333333333333333
chr3	121212660	c.121212660G>A	intronic	Tmem56	12	26	0	37	0.315789473684211
chr3	126459316	c.126459316G>A	intergenic	Arsj,Camk2d	5	43	0	44	0.104166666666667
chr3	128909059	c.128909059G>A	intergenic	D030025E07Rik,Pitx2	13	20	0	33	0.393939393939394
chr3	134417453	c.134417453C>T	ncRNA_intronic	4930539C22Rik	18	27	0	35	0.4
chr3	137100176	c.137100176C>T	intergenic	Ppp3ca,Emcn	19	18	0	38	0.513513513513513
chr3	140557219	c.140557219G>A	intergenic	Mir7j,Pdha2	14	22	0	34	0.388888888888889
chr3	141940830	c.141940830G>T	intronic	Bmpr1b	6	42	0	38	0.125
chr3	145068913	c.145068913G>A	intergenic	Clca1,Clca2	4	28	0	45	0.125
chr4	3282630	c.3282630C>T	intergenic	Vmn1r3,Mir3471-2	12	23	0	45	0.342857142857143
chr4	4761604	c.4761604C>T	intergenic	Gm11780,Impad1	5	33	0	46	0.131578947368421
chr4	22422284	c.22422284C>T	intronic	Fbxl4	19	26	0	50	0.422222222222222
chr4	51744013	c.51744013C>T	intergenic	Cylc2,C630028M04Rik	4	29	0	33	0.121212121212121
chr4	63950418	c.63950418C>T	intergenic	Tnfsf8,Tnc	12	26	0	43	0.315789473684211
chr4	67765727	c.67765727C>T	intergenic	Tlr4,Brinp1	16	20	0	24	0.444444444444444
chr4	84446582	c.84446582C>T	intronic	Bnc2	15	23	0	44	0.394736842105263
chr4	95157070	c.95157070T>A	intergenic	Jun,Fggy	12	40	0	52	0.230769230769231
chr4	110803325	c.110803325G>A	intronic	Agbl4	14	18	0	27	0.4375
chr4	114804285	c.114804285A>G	intergenic	Trabd2b,Gm12830	18	26	0	39	0.409090909090909
chr4	117484299	c.117484299G>A	intronic	Rnf220	16	23	0	26	0.41025641025641
chr4	122789658	c.122789658A>G	intergenic	9530002B09Rik,Ppt1	15	21	0	42	0.416666666666667
chr4	124785428	c.124785428G>A	intronic	Inpp5b	6	34	0	49	0.15
chr4	127933790	c.127933790C>T	intronic	CK137956	12	21	0	46	0.363636363636364
chr4	128009052	c.128009052C>T	intronic	Csmd2	14	26	0	49	0.35
chr4	150691321	c.150691321C>T	intergenic	Slc45a1,1700045H11Rik	3	49	0	42	0.0576923076923077
chr5	12180580	c.12180580C>T	intergenic	4933402N22Rik,Sema3d	16	21	0	34	0.432432432432432
chr5	18999359	c.18999359C>T	intergenic	Gnai1,4921504A21Rik	6	35	0	45	0.146341463414634
chr5	30362982	c.30362982C>T	intronic	Drc1	10	23	0	52	0.303030303030303
chr5	40724979	c.40724979C>T	intergenic	Hs3st1,Rab28	15	13	0	41	0.535714285714286
chr5	53532996	c.53532996G>A	intergenic	Smim20,Rbpj	18	22	0	31	0.45
chr5	65007065	c.65007065G>A	intronic	Fam114a1	23	30	0	36	0.433962264150943
chr5	71304453	c.71304453G>T	intergenic	Gabra2,Cox7b2	12	18	0	27	0.4
chr5	75487321	c.75487321C>T	intergenic	Pdgfra,Kit	12	17	0	27	0.413793103448276
chr5	75557628	c.75557628C>G	intergenic	Pdgfra,Kit	10	15	0	44	0.4
chr5	75595521	c.75595521G>A	intronic	Kit	16	22	0	34	0.421052631578947
chr5	82855612	c.82855612G>A	intergenic	Mir1187,Tecrl	27	35	0	50	0.435483870967742
chr5	87774146	c.87774146C>T	upstream	Csn1s2a	20	13	0	31	0.606060606060606
chr5	98846588	c.98846588G>A	intergenic	1700007G11Rik,Bmp3	6	33	0	22	0.153846153846154
chr5	99550526	c.99550526G>A	ncRNA_intronic	A930011G23Rik	18	21	0	34	0.461538461538462
chr5	102078826	c.102078826C>T	intergenic	Wdfy3,Arhgap24	6	27	0	35	0.181818181818182
chr5	107523045	c.107523045C>T	intergenic	A830010M20Rik,1700028K03Rik	22	26	0	37	0.458333333333333
chr5	120189030	c.120189030G>A	intronic	Rbm19	22	33	0	41	0.4
chr5	125744622	c.125744622C>T	intronic	Tmem132b	15	32	0	42	0.319148936170213
chr5	132080040	c.132080040C>T	intronic	Auts2	10	10	0	34	0.5
chr5	144146520	c.144146520G>A	intronic	Lmtk2	10	23	0	35	0.303030303030303
chr5	144834469	c.144834469C>T	intronic	Trrap	14	18	0	36	0.4375
chr5	146791593	c.146791593G>A	intronic	Usp12	18	24	0	43	0.428571428571429
chr6	9769536	c.9769536C>T	intergenic	Nxph1,AA545190	19	22	0	34	0.463414634146341
chr6	10281949	c.10281949C>T	intergenic	Nxph1,AA545190	17	14	0	42	0.548387096774194
chr6	13582425	c.13582425C>T	UTR3	Tmem168	23	15	0	32	0.605263157894737
chr6	17993810	c.17993810C>T	intronic	Wnt2	11	19	0	37	0.366666666666667
chr6	21972731	c.21972731C>T	intronic	Ing3	12	25	0	32	0.324324324324324
chr6	40163210	c.40163210C>T	intronic	Tmem178b	13	41	0	41	0.240740740740741
chr6	42907443	c.42907443C>T	intergenic	Olfr448,Olfr447	12	14	0	18	0.461538461538462
chr6	44203882	c.44203882C>T	intergenic	Tpk1,Cntnap2	12	21	0	45	0.363636363636364
chr6	47530680	c.47530680C>T	intronic	Ezh2	24	26	0	54	0.48
chr6	78582825	c.78582825C>T	intergenic	Reg3g,Gm20362	14	18	0	28	0.4375
chr6	102971891	c.102971891G>A	intergenic	Mir6373,Chl1	22	24	0	46	0.478260869565217
chr6	113250763	c.113250763G>A	intronic	Mtmr14	21	22	0	39	0.488372093023256
chr6	114831426	c.114831426G>A	intronic	Atg7	11	19	0	30	0.366666666666667
chr6	115976756	c.115976756G>A	intronic	Plxnd1	14	29	0	48	0.325581395348837
chr6	121850008	c.121850008C>G	intronic	Mug1	13	22	0	43	0.371428571428571
chr6	124589386	c.124589386G>A	intergenic	C1rb,C1s2	12	27	0	39	0.307692307692308
chr6	129591039	c.129591039G>C	upstream	Klrd1	19	34	0	32	0.358490566037736
chr6	129658296	c.129658296C>T	intronic	Klrc2	15	20	0	30	0.428571428571429
chr6	129660657	c.129660657C>T	upstream	Klrc2	17	19	0	36	0.472222222222222
chr6	129664483	c.129664483C>T	intergenic	Klrc2,Klrc1	12	26	0	38	0.315789473684211
chr6	129667339	c.129667339C>G	intronic	Klrc1	11	12	0	17	0.478260869565217
chr6	135007417	c.135007417C>T	intergenic	Apold1,Ddx47	5	27	0	27	0.15625
chr6	149453670	c.149453670C>T	intronic	Bicd1	11	15	0	26	0.423076923076923
chr7	14360714	c.14360714C>T	intergenic	Sult2a6,Sult2a8	12	22	0	52	0.352941176470588
chr7	19151668	c.19151668C>T	intronic	Snrpd2	18	26	0	51	0.409090909090909
chr7	19832795	c.19832795C>T	intergenic	Bcl3,Gm19345	21	21	0	26	0.5
chr7	25775686	c.25775686C>T	intronic	Axl	4	44	0	48	0.0833333333333333
chr7	40995810	c.40995810C>T	downstream	4930433I11Rik	17	16	0	42	0.515151515151515
chr7	41285699	c.41285699G>A	intronic	Gm5592	15	35	0	33	0.3
chr7	47636184	c.47636184G>A	intergenic	Mrgpra3,Mrgpra4	10	18	0	47	0.357142857142857
chr7	52809725	c.52809725C>T	intergenic	1700015G11Rik,Mir6238	13	12	0	27	0.52
chr7	56222319	c.56222319C>T	intronic	Herc2	20	26	0	48	0.434782608695652
chr7	63076972	c.63076972G>A	intergenic	Peg12,Chrna7	10	17	0	36	0.37037037037037
chr7	71890251	c.71890251C>T	intergenic	B130024G19Rik,4930441H08Rik	22	26	0	46	0.458333333333333
chr7	75061679	c.75061679G>A	ncRNA_intronic	4930533N22Rik	19	24	0	29	0.441860465116279
chr7	80091726	c.80091726C>T	UTR3	Zfp710	11	12	0	28	0.478260869565217
chr7	83725822	c.83725822G>A	intronic	Il16	21	31	0	49	0.403846153846154
chr7	84918946	c.84918946C>T	intergenic	Olfr290,Vmn2r65	20	13	0	39	0.606060606060606
chr7	88469872	c.88469872C>T	intronic	Rab38	22	9	0	32	0.709677419354839
chr7	114031979	c.114031979G>A	intronic	Spon1	15	42	0	44	0.263157894736842
chr7	123354340	c.123354340G>A	intronic	Arhgap17	4	39	0	45	0.0930232558139535
chr7	127020229	p.Q21Q/c.127020229C>T	exonic	Prrt2	18	24	0	35	0.428571428571429
chr7	135542302	c.135542302C>T	intronic	Ptpre	17	21	0	37	0.447368421052632
chr7	143866936	c.143866936C>T	intergenic	Dhcr7,Mir6404	11	21	0	51	0.34375
chr8	8401089	c.8401089G>A	intergenic	NONE,Efnb2	13	21	0	50	0.382352941176471
chr8	63816506	c.63816506G>A	intergenic	Spock3,Sgol2b	6	34	0	29	0.15
chr8	69498487	c.69498487G>C	intergenic	Gm10033,Zfp868	16	24	0	45	0.4
chr8	82322451	c.82322451G>A	intergenic	Inpp4b,Il15	16	34	0	33	0.32
chr8	84067428	c.84067428C>T	intronic	Rfx1	19	19	0	39	0.5
chr8	85415120	c.85415120C>G	intronic	4921524J17Rik	22	19	0	44	0.536585365853659
chr8	90623838	c.90623838G>A	intergenic	Tox3,Chd9	17	18	0	23	0.485714285714286
chr8	94127641	c.94127641C>T	intergenic	Bbs2,Mt4	11	22	0	38	0.333333333333333
chr8	107337806	c.107337806C>T	ncRNA_intronic	Mir5098	14	18	0	37	0.4375
chr8	126193084	c.126193084G>A	intergenic	Kcnk1,Slc35f3	18	10	0	44	0.642857142857143
chr9	9640199	c.9640199G>A	intergenic	Gm16833,Cntn5	18	29	0	35	0.382978723404255
chr9	10155325	c.10155325G>A	intronic	Cntn5	21	26	0	46	0.446808510638298
chr9	18748830	c.18748830G>A	intergenic	Mbd3l1,Olfr24	20	21	0	41	0.48780487804878
chr9	27410074	c.27410074G>A	intergenic	Spata19,Opcml	6	36	0	32	0.142857142857143
chr9	27840207	c.27840207G>A	intronic	Opcml	18	22	0	47	0.45
chr9	30303173	c.30303173G>A	intergenic	Ntm,Snx19	9	22	0	38	0.290322580645161
chr9	34963050	c.34963050G>A	intronic	Kirrel3	23	26	0	51	0.469387755102041
chr9	48211152	c.48211152G>A	intergenic	Cadm1,Nxpe2	17	27	0	37	0.386363636363636
chr9	49831427	c.49831427G>A	intergenic	Ncam1,2310003N18Rik	15	24	0	41	0.384615384615385
chr9	50610981	c.50610981G>A	intronic	AU019823	20	26	0	37	0.434782608695652
chr9	61278415	c.61278415G>A	ncRNA_intronic	B930092H01Rik	11	10	0	31	0.523809523809524
chr9	74760084	c.74760084G>A	intergenic	Wdr72,Gm16551	15	26	0	46	0.365853658536585
chr9	78100271	c.78100271G>A	intronic	Fbxo9	16	26	0	50	0.380952380952381
chr9	84816495	c.84816495G>A	intergenic	4930554C24Rik,Fam46a	7	31	0	28	0.184210526315789
chrX	14327045	c.14327045G>A	intergenic	H2al1n,Ppp1r2-ps9	7	10	0	33	0.411764705882353
chrX	44417236	c.44417236G>A	intergenic	Dcaf12l2,Dcaf12l1	10	24	0	42	0.294117647058824
chrX	47333667	c.47333667G>A	intergenic	Actrt1,Smarca1	22	26	0	41	0.458333333333333
chrX	51359271	c.51359271G>A	intergenic	Mbnl3,Hs6st2	12	15	0	26	0.444444444444444
chrX	55448468	c.55448468A>C	intergenic	Gm14625,Gm16404	18	17	0	25	0.514285714285714
chrX	64871449	c.64871449G>A	intergenic	Slitrk4,Ctag2	23	24	0	33	0.48936170212766
chrX	69542756	c.69542756G>A	intronic	Aff2	18	17	0	44	0.514285714285714
chrX	84170719	c.84170719G>A	intronic	Dmd	6	30	0	42	0.166666666666667
chrX	113002724	c.113002724G>A	intergenic	Pof1b,Chm	12	26	0	37	0.315789473684211
chrX	133627861	c.133627861G>A	intronic	Pcdh19	12	23	0	44	0.342857142857143
chrX	134309344	c.134309344G>A	intronic	Cenpi	4	33	0	29	0.108108108108108
